Accessories & Supplies,1
Camera & Photo,1
Car & Vehicle Electronics,1
Cell Phones & Accessories,1
Computers & Accessories,1
GPS & Navigation,1
Headphones,1
Home Audio,1
Office Electronics,1
Portable Audio & Video,1
Security & Surveillance,1
Service Plans,1
Television & Video,1
Video Game Consoles & Accessories,1
Video Projectors,1
Wearable Technology,1
eBook Readers & Accessories,1
Computer Accessories & Peripherals,2
Computer Components,2
Computers & Tablets,2
Data Storage,2
External Components,2
Laptop Accessories,2
Monitors,2
Networking Products,2
Power Strips & Surge Protectors,2
Printers,2
Scanners,2
Servers,2
Tablet Accessories,2
Tablet Replacement Parts,2
Warranties & Services,2
Amazon Smart Home,3
Smart Home Lighting,3
Smart Locks and Entry,3
Security Cameras and Systems,3
Plugs and Outlets,3
New Smart Devices,3
Heating and Cooling,3
Detectors and Sensors,3
Home Entertainment,3
Pet,3
Voice Assistants and Hubs,3
Kitchen,3
Vacuums and Mops,3
Lawn and Garden,3
WIFI and Networking,3
Other Solutions,3
"Painting, Drawing & Art Supplies",4
Beading & Jewelry Making,4
Crafting,4
Fabric,4
Fabric Decorating,4
Knitting & Crochet,4
Needlework,4
"Organization, Storage & Transport",4
Printmaking,4
Scrapbooking & Stamping,4
Sewing,4
Party Decorations & Supplies,4
Gift Wrapping Supplies,4
Car Care,5
Car Electronics & Accessories,5
Exterior Accessories,5
Interior Accessories,5
Lights & Lighting Accessories,5
Motorcycle & Powersports,5
Oils & Fluids,5
Paint & Paint Supplies,5
Performance Parts & Accessories,5
Replacement Parts,5
RV Parts & Accessories,5
Tires & Wheels,5
Tools & Equipment,5
Automotive Enthusiast Merchandise,5
Heavy Duty & Commercial Vehicle Equipment,5
Activity & Entertainment,6
Apparel & Accessories,6
Baby & Toddler Toys,6
Baby Care,6
Baby Stationery,6
Car Seats & Accessories,6
Diapering,6
Feeding,6
Gifts,6
Nursery,6
Potty Training,6
Pregnancy & Maternity,6
Safety,6
Strollers & Accessories,6
Travel Gear,6
Makeup,7
Skin Care,7
Hair Care,7
Fragrance,7
"Foot, Hand & Nail Care",7
Tools & Accessories,7
Shave & Hair Removal,7
Personal Care,7
Oral Care,7
Clothing,8
Shoes,8
Jewelry,8
Watches,8
Handbags,8
Accessories,8
Men's Fashion,8
Girls' Fashion,8
Boys' Fashion,8
Clothing,9
Shoes,9
Watches,9
Accessories,9
Women's Fashion,9
Girls' Fashion,9
Boys' Fashion,9
Clothing,10
Shoes,10
Jewelry,10
Watches,10
Accessories,10
School Uniforms,10
Women's Fashion,10
Men's Fashion,10
Boys' Fashion,10
Clothing,11
Shoes,11
Jewelry,11
Watches,11
Accessories,11
School Uniforms,11
Women's Fashion,11
Men's Fashion,11
Girls' Fashion,11
Baby & Child Care,12
Health Care,12
Household Supplies,12
Medical Supplies & Equipment,12
Oral Care,12
Personal Care,12
Sexual Wellness,12
Sports Nutrition,12
Stationery & Gift Wrapping Supplies,12
Vision Care,12
Vitamins & Dietary Supplements,12
Wellness & Relaxation,12
Kids' Home Store,13
Kitchen & Dining,13
Bedding,13
Bath,13
Furniture,13
Home Décor,13
Wall Art,13
Lighting & Ceiling Fans,13
Seasonal Décor,13
Event & Party Supplies,13
"Heating, Cooling & Air Quality",13
Irons & Steamers,13
Vacuums & Floor Care,13
Storage & Organization,13
Cleaning Supplies,13
Abrasive & Finishing Products,14
Additive Manufacturing Products,14
Commercial Door Products,14
Cutting Tools,14
Fasteners,14
Filtration,14
Food Service Equipment & Supplies,14
"Hydraulics, Pneumatics & Plumbing",14
Industrial Electrical,14
Industrial Hardware,14
Industrial Power & Hand Tools,14
Janitorial & Sanitation Supplies,14
Lab & Scientific Products,14
Material Handling Products,14
Occupational Health & Safety Products,14
Packaging & Shipping Supplies,14
Power Transmission Products,14
Professional Dental Supplies,14
Professional Medical Supplies,14
Raw Materials,14
Retail Store Fixtures & Equipment,14
Robotics,14
Science Education,14
"Tapes, Adhesives & Sealants",14
"Test, Measure & Inspect",14
Carry-ons,15
Backpacks,15
Garment bags,15
Travel Totes,15
Luggage Sets,15
Laptop Bags,15
Suitcases,15
Kids Luggage,15
Messenger Bags,15
Umbrellas,15
Duffles,15
Travel Accessories,15
Movies,16
TV Shows,16
Blu-ray,16
4K Ultra HD,16
Best Sellers,16
Today's Deals,16
New Releases,16
Pre-orders,16
Kids & Family,16
Prime Video,16
Dogs,17
Cats,17
Fish & Aquatic Pets,17
Birds,17
Horses,17
Reptiles & Amphibians,17
Small Animals,17
Accounting & Finance,18
Antivirus & Security,18
Business & Office,18
Children's,18
Design & Illustration,18
Digital Software,18
Education & Reference,18
Games,18
Lifestyle & Hobbies,18
Music,18
Networking & Servers,18
Operating Systems,18
Photography,18
Programming & Web Development,18
Tax Preparation,18
Utilities,18
Video,18
Sports and Outdoors,19
Outdoor Recreation,19
Sports & Fitness,19
Fan Shop,19
Tools & Home Improvement,20
Appliances,20
Building Supplies,20
Electrical,20
Hardware,20
Kitchen & Bath Fixtures,20
Light Bulbs,20
Lighting & Ceiling Fans,20
Measuring & Layout Tools,20
Painting Supplies & Wall Treatments,20
Power & Hand Tools,20
Rough Plumbing,20
Safety & Security,20
Storage & Home Organization,20
Welding & Soldering,20
Action Figures & Statues,21
Arts & Crafts,21
Baby & Toddler Toys,21
Building Toys,21
Dolls & Accessories,21
Dress Up & Pretend Play,21
Kids' Electronics,21
Games,21
Grown-Up Toys,21
Hobbies,21
"Kids' Furniture, Décor & Storage",21
Learning & Education,21
Novelty & Gag Toys,21
Party Supplies,21
Puppets,21
Puzzles,21
Sports & Outdoor Play,21
Stuffed Animals & Plush Toys,21
Toy Remote Control & Play Vehicles,21
"Tricycles, Scooters & Wagons",21
Video Games,21
Video Games,22
PlayStation 4,22
PlayStation 3,22
Xbox One,22
Xbox 360,22
Nintendo Switch,22
Wii U,22
Wii,22
PC,22
Mac,22
Nintendo 3DS & 2DS,22
Nintendo DS,22
PlayStation Vita,22
Sony PSP,22
Retro Gaming & Microconsoles,22
Accessories,22
Digital Games,22
Kids & Family,22
